id;usuario;clave;avatar;fecha_ultimo_acceso;nombres;apellidos
1;Intelligent Steel Car;Cotton;France target Bedfordshire;2020-07-19;Burundi Franc Exclusive payment;GB Practical
2;European Unit of Account 9(E.U.A.-9);hacking wireless;Awesome Cotton Chips frame;2020-07-19;Sausages Granite Program;Handmade Frozen Table
3;input;microchip;Analyst;2020-07-19;leverage Checking Account Practical Cotton Salad;Tools
4;reboot matrix Junction;Steel Shoes;Generic Granite Gloves Avon;2020-07-19;bypassing;program salmon Jewelery
5;info-mediaries Hryvnia;Enhanced;Global Home Loan Account;2020-07-19;Idaho Money Market Account;Spain Land
6;Adaptive bypass;Arkansas Venezuela;Oman;2020-07-20;bypass;cross-platform cross-platform
7;International unleash;PCI PCI;digital;2020-07-20;orchid;Austria
8;CSS;encryption Plastic;indexing;2020-07-19;deposit Accounts;Manager installation Tools
9;blue;Product synthesize neural;Brand attitude-oriented Chips;2020-07-19;Stravenue Assimilated Berkshire;Surinam Dollar Intelligent Fresh Salad synthesizing
10;Games;Oregon leverage revolutionize;Borders bluetooth THX;2020-07-19;PCI West Virginia;redundant
